"id","status","keep_id"
"1703","deleted","1749"
"1710","deleted","1594"
"1752","deleted","1758"
"1819","deleted","1823"
"1858","deleted","8369"
"2028","deleted","1760"
"2032","deleted","1767"
"2033","deleted","1768"
"2038","deleted","1773"
"2044","deleted","1781"
"2045","deleted","1782"
"2056","deleted","1794"
"2057","deleted","1795"
"2058","deleted","1796"
"2061","deleted","1804"
"2062","deleted","1805"
"2063","deleted","1807"
"2066","deleted","1815"
"2067","deleted","1816"
"2072","deleted","2016"
"2090","deleted","1837"
"2365","deleted","1692"
"2366","deleted","1693"
"3540","deleted","1761"
"3546","deleted","1700"
"3885","deleted","3889"
"4421","deleted","4432"
"5019","deleted","5020"
"5036","deleted","5038"
"9624","failed",
