"key","count","ids","files"
"image/jpeg, 934617, 2560, 1920","2","9625,9624","2026/03/IMG_2080.jpeg,2026/03/IMG_2080-1.jpeg"
"image/jpeg, 902906, 2560, 1708","2","8382,2022","2026/03/Hilton-waikoloa-Village-2018-10-Kona-Pool-Cabanas-4-scaled.jpg,2025/10/Hilton-waikoloa-Village-2018-10-Kona-Pool-Cabanas-4-scaled.jpg"
"image/jpeg, 984339, 2063, 1375","3","8381,3893,2021","2026/03/Hilton-waikoloa-Village-2018-10-Kona-Pool-Cabanas-6.jpg,2026/02/Hilton-waikoloa-Village-2018-10-Kona-Pool-Cabanas-6.jpg,2025/10/Hilton-waikoloa-Village-2018-10-Kona-Pool-Cabanas-6.jpg"
"image/jpeg, 1123441, 2560, 1708","2","8380,2020","2026/03/Hilton-Waikoloa-Village-2018-10-Aloha-Falls-Cabana-2-scaled.jpg,2025/10/Hilton-Waikoloa-Village-2018-10-Aloha-Falls-Cabana-2-scaled.jpg"
"image/jpeg, 869766, 2560, 1707","2","8379,2019","2026/03/Hilton-Waikoloa-Village-2018-10-Aloha-Falls-Cabana-3-scaled.jpg,2025/10/Hilton-Waikoloa-Village-2018-10-Aloha-Falls-Cabana-3-scaled.jpg"
"image/jpeg, 836966, 2560, 1708","2","8378,2018","2026/03/Hilton-Wakoloa-Village-2018-10-Aloha-Falls-Cabana-1-scaled.jpg,2025/10/Hilton-Wakoloa-Village-2018-10-Aloha-Falls-Cabana-1-scaled.jpg"
"image/jpeg, 78261, 608, 691","2","8376,1943","2026/03/38f4fc95-7925-4625-b0e8-5ba78771c037.jpg,2025/10/38f4fc95-7925-4625-b0e8-5ba78771c037.jpg"
"image/jpeg, 86132, 608, 810","2","8375,1942","2026/03/a5ea38b9-4578-4356-a118-f168caa0ec90.jpg,2025/10/a5ea38b9-4578-4356-a118-f168caa0ec90.jpg"
"image/jpeg, 791813, 1920, 2560","2","8374,1895","2026/03/IMG_3233-scaled-1.jpg,2025/10/IMG_3233-scaled-1.jpg"
"image/jpeg, 644277, 1920, 2560","2","8373,1894","2026/03/IMG_3235-scaled-1.jpg,2025/10/IMG_3235-scaled-1.jpg"
"image/jpeg, 631098, 1920, 2560","2","8372,1893","2026/03/IMG_3239-scaled-1.jpg,2025/10/IMG_3239-scaled-1.jpg"
"image/jpeg, 784247, 1920, 2560","3","8371,3897,1892","2026/03/IMG_3241-scaled-1.jpg,2026/02/IMG_3241-scaled-1.jpg,2025/10/IMG_3241-scaled-1.jpg"
"image/jpeg, 472979, 1440, 1800","2","8370,1863","2026/03/298872056_10158994266838325_2480796936934944436_n.jpg,2025/10/298872056_10158994266838325_2480796936934944436_n.jpg"
"image/jpeg, 74793, 960, 720","3","8369,1860,1858","2026/03/211708765_1435082566848706_4544959861557533268_n.jpg,2025/10/211708765_1435082566848706_4544959861557533268_n.jpg,2025/10/211708765_1435082566848706_4544959861557533268_n-1.jpg"
"image/jpeg, 79696, 960, 720","2","8368,1859","2026/03/38248750_10155507900317751_710145023890423808_n.jpg,2025/10/38248750_10155507900317751_710145023890423808_n.jpg"
"image/jpeg, 88894, 720, 960","2","8367,1857","2026/03/200990133_10226280561100384_1892995075070127113_n.jpg,2025/10/200990133_10226280561100384_1892995075070127113_n.jpg"
"image/jpeg, 159416, 1024, 682","2","8366,1865","2026/03/DSC0-1024x682-1.jpg,2025/10/DSC0-1024x682-1.jpg"
"image/jpeg, 154008, 1024, 682","2","8365,1864","2026/03/DSC05-1024x682-1.jpg,2025/10/DSC05-1024x682-1.jpg"
"image/jpeg, 258243, 1336, 891","2","8362,1862","2026/03/mc-mcowc-16683_Classic-Hor.jpg,2025/10/mc-mcowc-16683_Classic-Hor.jpg"
"image/png, 658808, 608, 768","3","8361,3898,1764","2026/03/Screenshot-2025-03-27-204458.png,2026/02/Screenshot-2025-03-27-204458.png,2025/10/Screenshot-2025-03-27-204458.png"
"image/avif, 145004, 0, 0","2","8360,1595",","
"image/jpeg, 960342, 1920, 2560","2","8340,1963","2026/03/The-Grove-7-scaled.jpg,2025/10/The-Grove-7-scaled.jpg"
"image/jpeg, 313994, 1440, 1800","2","8339,1957","2026/03/The-Grove-5.jpg,2025/10/The-Grove-5.jpg"
"image/jpeg, 433880, 1440, 1257","2","8338,1960","2026/03/The-Grove-1.jpg,2025/10/The-Grove-1.jpg"
"image/jpeg, 395562, 1440, 1800","3","8337,8336,1959","2026/03/The-Grove-2.jpg,2026/03/The-Grove-2-Copy.jpg,2025/10/The-Grove-2.jpg"
"image/jpeg, 722492, 1440, 1791","2","8335,8334","2026/03/The-Grove-6.jpg,2026/03/The-Grove-6-Copy.jpg"
"image/jpeg, 784902, 2382, 1906","2","8332,1971","2026/03/Sea-World-San-Diego.jpg,2025/10/Sea-World-San-Diego.jpg"
"image/webp, 55470, 1171, 663","2","7242,7240","2026/03/Screenshot-2026-03-11-205705-1.webp,2026/03/Screenshot-2026-03-11-205705.webp"
"image/png, 699883, 1376, 768","2","5038,5036","2026/02/Render_a_realistic_LounGenie_unit__31_16_16_inches__centered_between_two_luxury_lounge_chairs__Lid_o_4.png,2026/02/Render_a_realistic_LounGenie_unit__31_16_16_inches__centered_between_two_luxury_lounge_chairs__Lid_o_4-1.png"
"image/png, 679378, 1376, 768","2","5034,4427","2026/02/wide_angle_4.png,2026/02/88bd75b2-7e5a-4c4a-b415-68a92f712281.png"
"image/png, 693952, 1376, 768","2","5031,5029","2026/02/Nano_Banana_Pro_3-7.png,2026/02/Nano_Banana_Pro_3-8.png"
"image/png, 695219, 1344, 768","2","5020,5019","2026/02/Gemini_Generated_Image_h3lfcch3lfcch3lf.png,2026/02/Gemini_Generated_Image_h3lfcch3lfcch3lf-1.png"
"image/png, 580722, 1344, 768","3","4432,4431,4421","2026/02/Gemini_Generated_Image_vccwp9vccwp9vccw.png,2026/02/Gemini_Generated_Image_vccwp9vccwp9vccw-1-1.png,2026/02/Gemini_Generated_Image_vccwp9vccwp9vccw-1.png"
"image/png, 1978142, 1376, 768","2","3889,3885","2026/02/Hero_seed_is_defined_ONLY_by__TOP___FRONT___SIDE_LENGTH__and__BACK__All_images_showing_open_states__2.png,2026/02/Hero_seed_is_defined_ONLY_by__TOP___FRONT___SIDE_LENGTH__and__BACK__All_images_showing_open_states__2-1.png"
"image/jpeg, 320117, 1280, 1706","2","3546,1700","2025/10/1719134653716-1.jpg,2025/10/1719134653716.jpg"
"image/jpeg, 442674, 1280, 1707","2","3540,1761","2025/10/1746838260534-1.jpg,2025/10/1746838260534.jpg"
"video/mp4, 7502599, 2472, 3352","4","3050,1983,1982,1981",",,,"
"application/zip, 3195499, 0, 0","2","3043,3042",","
"image/jpeg, 361686, 1495, 887","2","2379,2378","2025/10/Margaritaville-Ocho-Rios-VIP-area-far-from-the-maddening-crowd.jpg,2025/10/Margaritaville-Ocho-Rios-VIP-area-Copy.jpg"
"image/jpeg, 221576, 1277, 448","2","2372,2371","2025/10/Margaritaville-Negril-VIP-seating-2.jpg,2025/10/Margaritaville-Negril-VIP-seating-2-Copy.jpg"
"image/jpeg, 222314, 1210, 621","2","2370,2369","2025/10/Margaritaville-Negril-VIP-seating.jpg,2025/10/Margaritaville-Negril-VIP-seating-Copy.jpg"
"image/jpeg, 337828, 1280, 1706","2","2366,1693","2025/10/1714017448338-1.jpg,2025/10/1714017448338.jpg"
"image/jpeg, 169885, 1280, 1707","2","2365,1692","2025/10/1714017445308-1.jpg,2025/10/1714017445308.jpg"
"image/png, 4075529, 1920, 1391","2","2090,1837","2025/10/thumbnail_24-0619_PS_CowabungaBay_WaterPark-1.png,2025/10/thumbnail_24-0619_PS_CowabungaBay_WaterPark.png"
"image/jpeg, 144427, 980, 1106","2","2076,1922","2025/10/Lagoon-Fest-2-1.jpg,2025/10/Lagoon-Fest-2.jpg"
"image/jpeg, 262992, 980, 2016","2","2075,1921","2025/10/Lagoon-Fest-1-1-1.jpg,2025/10/Lagoon-Fest-1-.jpg"
"image/jpeg, 754842, 1512, 2016","2","2072,2016","2025/10/417784132_368649436115851_6034936831617201519_n-1.jpg,2025/10/417784132_368649436115851_6034936831617201519_n.jpg"
"image/jpeg, 662178, 1920, 1279","2","2068,1840","2025/10/thumbnail_image001-1-1.jpg,2025/10/thumbnail_image001-1.jpg"
"image/jpeg, 702032, 1504, 1880","2","2067,1816","2025/10/356642244_226103107037152_5762930230288296240_n-1.jpg,2025/10/356642244_226103107037152_5762930230288296240_n.jpg"
"image/webp, 77844, 680, 510","2","2066,1815","2025/10/xfds-1.webp,2025/10/xfds.webp"
"image/webp, 41580, 382, 510","2","2065,1813","2025/10/unnamed-9-1.webp,2025/10/unnamed-9.webp"
"image/webp, 63924, 550, 550","2","2064,1811","2025/10/serengeti_springs-232-550x550-2.webp,2025/10/serengeti_springs-232-550x550-1.webp"
"image/jpeg, 449078, 738, 480","2","2063,1807","2025/10/lazylooppremiumcabanas-1.jpg,2025/10/lazylooppremiumcabanas.jpg"
"image/jpeg, 501859, 738, 480","2","2062,1805","2025/10/grandpooltikihut-1.jpg,2025/10/grandpooltikihut.jpg"
"image/jpeg, 424916, 738, 480","2","2061,1804","2025/10/grandpoolcabanas-1.jpg,2025/10/grandpoolcabanas.jpg"
"image/jpeg, 1265275, 2560, 1728","2","2060,1798","2025/10/19res-amenities2g-Cabanas-scaled-2.jpg,2025/10/19res-amenities2g-Cabanas-scaled-1.jpg"
"image/jpeg, 71840, 480, 640","2","2059,1797","2025/10/IMG_30FFFFECF968-1-1-1.jpeg,2025/10/IMG_30FFFFECF968-1-1.jpeg"
"image/jpeg, 74220, 640, 480","2","2058,1796","2025/10/IMG_4077-1.jpg,2025/10/IMG_4077.jpg"
"image/webp, 102104, 600, 255","2","2057,1795","2025/10/Loungers-Card-Banner-Size-1.webp,2025/10/Loungers-Card-Banner-Size.webp"
"image/jpeg, 1587908, 1280, 860","2","2056,1794","2025/10/photo_img_6419-web-1.jpg,2025/10/photo_img_6419-web.jpg"
"image/jpeg, 520061, 1920, 1440","2","2055,1792","2025/10/splash-12-1.jpg,2025/10/splash-12.jpg"
"image/jpeg, 715529, 1920, 1440","2","2054,1791","2025/10/splash-11-1.jpg,2025/10/splash-11.jpg"
"image/jpeg, 677996, 1920, 1440","2","2053,1790","2025/10/splash-10-1.jpg,2025/10/splash-10.jpg"
"image/jpeg, 612561, 1920, 1440","2","2052,1789","2025/10/splash-9-1.jpg,2025/10/splash-9.jpg"
"image/jpeg, 558222, 1920, 1440","2","2051,1788","2025/10/splash-8-1.jpg,2025/10/splash-8.jpg"
"image/jpeg, 658537, 1920, 1440","2","2050,1787","2025/10/splash-7-1.jpg,2025/10/splash-7.jpg"
"image/jpeg, 691246, 1920, 1440","2","2049,1786","2025/10/splash-6-1.jpg,2025/10/splash-6.jpg"
"image/jpeg, 520453, 1859, 1394","2","2048,1785","2025/10/Splash-5-1.jpg,2025/10/Splash-5.jpg"
"image/jpeg, 619041, 1920, 1440","2","2047,1784","2025/10/Splash-4-1.jpg,2025/10/Splash-4.jpg"
"image/jpeg, 20208, 259, 194","2","2046,1783","2025/10/splash-3-1.jpg,2025/10/splash-3.jpg"
"image/jpeg, 580015, 1920, 1440","2","2045,1782","2025/10/Splash-Kingdom-1.jpg,2025/10/Splash-Kingdom.jpg"
"image/jpeg, 807976, 1920, 1440","2","2044,1781","2025/10/Splash-Kindom-1.jpg,2025/10/Splash-Kindom.jpg"
"image/jpeg, 196450, 800, 600","2","2042,1777","2025/10/water-country-cabana-5-1.jpeg,2025/10/water-country-cabana-5.jpeg"
"image/jpeg, 228592, 800, 600","2","2041,1776","2025/10/water-country-cabana-1-1.jpeg,2025/10/water-country-cabana-1.jpeg"
"image/jpeg, 198512, 800, 600","2","2040,1775","2025/10/water-country-cabana-8-1.jpeg,2025/10/water-country-cabana-8.jpeg"
"image/jpeg, 12805, 259, 194","2","2039,1774","2025/10/images-1-1.jpg,2025/10/images-1.jpg"
"image/jpeg, 226295, 800, 600","2","2038,1773","2025/10/Water-country-1.jpeg,2025/10/Water-country.jpeg"
"image/jpeg, 250158, 800, 600","2","2037,1772","2025/10/water-country-cabana-2-1.jpeg,2025/10/water-country-cabana-2.jpeg"
"image/jpeg, 197508, 800, 600","2","2036,1771","2025/10/water-country-cabana-3-1.jpeg,2025/10/water-country-cabana-3.jpeg"
"image/jpeg, 237843, 800, 600","2","2035,1770","2025/10/water-country-cabana-4-1.jpeg,2025/10/water-country-cabana-4.jpeg"
"image/jpeg, 254571, 800, 600","2","2034,1769","2025/10/water-country-cabana-7-1.jpeg,2025/10/water-country-cabana-7.jpeg"
"image/jpeg, 770743, 1189, 739","2","2033,1768","2025/10/439953015_832533438920072_2979537151513959877_n-1.jpg,2025/10/439953015_832533438920072_2979537151513959877_n.jpg"
"image/jpeg, 346700, 1200, 1600","2","2032,1767","2025/10/ship-wreak-1.jpg,2025/10/ship-wreak.jpg"
"image/jpeg, 86395, 810, 540","2","2031,1766","2025/10/serengeti_springs-2-1.jpg,2025/10/serengeti_springs-2.jpg"
"image/jpeg, 499555, 1280, 1707","2","2028,1760","2025/10/1746838260488-1.jpg,2025/10/1746838260488.jpg"
"image/jpeg, 647178, 1920, 2560","2","1909,1905","2025/10/Westin-Hilton-Head-1-scaled.jpg,2025/10/Westin-Hilton-Head-1-April-2023-scaled.jpg"
"image/jpeg, 385728, 2048, 1536","2","1823,1819","2025/10/1720098870582.jpg,2025/10/1720098870582-1.jpg"
"image/jpeg, 375461, 1512, 1363","2","1800,1593","2025/10/thumbnail_image3-2-1.jpg,2025/10/thumbnail_image3-2.jpg"
"image/jpeg, 390202, 1280, 1707","2","1758,1752","2025/10/1746710971929.jpg,2025/10/1746710971929-1.jpg"
"image/jpeg, 221150, 1280, 1707","2","1749,1703","2025/10/1746573695057.jpg,2025/10/1746573695057-1.jpg"
"image/jpeg, 359245, 1280, 1707","2","1748,1747","2025/10/1746573695618.jpg,2025/10/1746573695618-1-Copy.jpg"
"image/jpeg, 682233, 2048, 1536","2","1710,1594","2025/10/1719604580463-1.jpg,2025/10/1719604580463.jpg"
